2001:67c:208c::/48,NL,NL-NH,Amsterdam,
# RPKI Signature: 2001:67c:208c::/48
# MIIGBQYJKoZIhvcNAQcCoIIF9jCCBfICAQMxDTALBglghkgBZQMEAgEwDQYLKoZI
# hvcNAQkQAS+gggQfMIIEGzCCAwOgAwIBAgIBBjANBgkqhkiG9w0BAQsFADAzMTEw
# LwYDVQQDEyhjYWE4MDVkYmFjMzY0NzQ5YjliMTE1NTkwYWI2ZWYwZjk3MGNkYmQ4
# MB4XDTIyMTEyNTE2MzQ1MloXDTIzMTEyNTE2MzQ1MlowDTELMAkGA1UEAwwCRUUw
# ggEiMA0GCSqGSIb3DQEBAQUAA4IBDwAwggEKAoIBAQDgZwc2RJ+SHPC7F5YCwgGw
# k8vrLmdqiWBSjFGsXAPBaT6tfApYOn9yBu8d220TjjxDcA2phJBWWo+XqJhXHTDP
# VmU6I6AakU3GTWAK/eGg1B3RykAlHgbJqMu5xC3WzrF8SEy+tWGZ1A7RjNi+RLfE
# y2bnoLMp0mqHFfeB02oYJYdTxD4H5tCPnElSf5VumQDXYgtjjI68tTvCNn+7/GWp
# qzFiFWFKJkJC/3ME3K98oPOB+9dvkKrY8t6ulE7n3N7ov3oxn7+ScXvATr7BjMbt
# mfSytn5T7mxXlZ5hxqowC5rMV19EwhYBp+5bFQSCienO0FN3c/YI5GMLqBhxIBGH
# AgMBAAGjggFeMIIBWjAOBgNVHQ8BAf8EBAMCB4AwHQYDVR0OBBYEFNQFNNtWpk2i
# 7U3vranBMdoZVtynMB8GA1UdIwQYMBaAFMqoBdusNkdJubEVWQq27w+XDNvYMBgG
# A1UdIAEB/wQOMAwwCgYIKwYBBQUHDgIwIgYIKwYBBQUHAQcBAf8EEzARMA8EAgAC
# MAkDBwAgAQZ8IIwwZAYIKwYBBQUHAQEEWDBWMFQGCCsGAQUFBzAChkhyc3luYzov
# L3Jwa2kucmlwZS5uZXQvcmVwb3NpdG9yeS9ERUZBVUxUL3lxZ0YyNncyUjBtNXNS
# VlpDcmJ2RDVjTTI5Zy5jZXIwZAYDVR0fBF0wWzBZoFegVYZTcnN5bmM6Ly9jaGxv
# ZS5zb2Jvcm5vc3QubmV0L3Jwa2kvUklQRS1ubGpvYnNuaWpkZXJzL3lxZ0YyNncy
# UjBtNXNSVlpDcmJ2RDVjTTI5Zy5jcmwwDQYJKoZIhvcNAQELBQADggEBAIqqnvwt
# 70twEMn+MRE3n04EblCVUwzuzqzqmXBpkBP7zzalxEV8ZCttA9elmlQRiVqHifvt
# uAbNC2KLGk6zsoBY/uF9xtkmvgGBurb/loxDJB+pBsUlZRMuOUwiroE3gM5QGZA9
# LlYUWrye/elz+3OYW8sgnCoUX4M/r8KhssUg0K6KAruaSU0mYqPH0cxb9QHtvKXf
# sLeY+ZZXjkxJT4r7zFNl1dERGnWFn8TiBTjgaEHn0fLpCL6B4/n+/t3aOatSSRFg
# S6FkCX3OuID/AQfGvHvAiyKrN0EnNHSC6k2i89/knnEc+jh8DNc5KNrON6JaJdPB
# qoJVySMmJ2Z4d6gxggGqMIIBpgIBA4AU1AU021amTaLtTe+tqcEx2hlW3KcwCwYJ
# YIZIAWUDBAIBoGswGgYJKoZIhvcNAQkDMQ0GCyqGSIb3DQEJEAEvMBwGCSqGSIb3
# DQEJBTEPFw0yMjExMjUxNjM0NTVaMC8GCSqGSIb3DQEJBDEiBCCY9XhRYzvj+pM/
# b0lZoc+ZapOfmX5IuOFoPcym0ogh6DANBgkqhkiG9w0BAQEFAASCAQBBXMygxOhJ
# 3vNbzXAhO1V+SOufTEaQFI7yQgCdcejOGGz+KtuDuYJ6ztRE1zxozZohIfiSNi3F
# P16CGIYenhriv/+cz99XEMO5lkDf4HshcNrQ7dK0Lpjizl7jAvSwBgAefBB5SSvl
# FscUsZtU4z45O1JmgQjBWxOej/7RE3dUsUUWuty+iv8rd/fhq7oJOyCyg8OIbJry
# PCp+TEPKOfBRjhoHrVKvh/NZ+MdWOHK1DqvIt9w7usbgbV8oykLiR3bWSnPsDScA
# dtA7GD/yDwqWgpSZsYyMK5axs/96/Np6S3sl3qwF197RLQk1l9Vw6O87cwupUYqY
# IH26+87V6d29
# End Signature: 2001:67c:208c::/48
